So there is no way for me to plug it in here in the US unless I go by a converter.,0,amazon
"Good case, Excellent value.",1,amazon
Great for the jawbone.,1,amazon
Tied to charger for conversations lasting more than 45 minutes.MAJOR PROBLEMS!!,0,amazon
The mic is great.,1,amazon
I have to jiggle the plug to get it to line up right to get decent volume.,0,amazon
"If you have several dozen or several hundred contacts, then imagine the fun of sending each of them one by one.",0,amazon
If you are Razr owner...you must have this!,1,amazon
"Needless to say, I wasted my money.",0,amazon
What a waste of money and time!.,0,amazon
And the sound quality is great.,1,amazon
He was very impressed when going from the original battery to the extended battery.,1,amazon
If the two were seperated by a mere 5+ ft I started to notice excessive static and garbled sound from the headset.,0,amazon
Very good quality though,1,amazon
"The design is very odd, as the ear ""clip"" is not very comfortable at all.",0,amazon
Highly recommend for any one who has a blue tooth phone.,1,amazon
I advise EVERYONE DO NOT BE FOOLED!,0,amazon
So Far So Good!.,1,amazon
Works great!.,1,amazon
It clicks into place in a way that makes you wonder how long that mechanism would last.,0,amazon
"I went on Motorola's website and followed all directions, but could not get it to pair again.",0,amazon
I bought this to use with my Kindle Fire and absolutely loved it!,1,amazon
The commercials are the most misleading.,0,amazon
I have yet to run this new battery below two bars and that's three days without charging.,1,amazon
I bought it for my mother and she had a problem with the battery.,0,amazon
Great Pocket PC / phone combination.,1,amazon
I've owned this phone for 7 months now and can say that it's the best mobile phone I've had.,1,amazon
I didn't think that the instructions provided were helpful to me.,0,amazon
People couldnt hear me talk and I had to pull out the earphone and talk on the phone.,0,amazon
Doesn't hold charge.,0,amazon
"This is a simple little phone to use, but the breakage is unacceptible.",0,amazon
This product is ideal for people like me whose ears are very sensitive.,1,amazon
It is unusable in a moving car at freeway speed.,0,amazon
I have two more years left in this contract and I hate this phone.,0,amazon
Car charger as well as AC charger are included to make sure you never run out of juice.Highy recommended,1,amazon
You need at least 3 mins to get to your phone book from the time you first turn on the phone.Battery life is short.,0,amazon
It has kept up very well.,1,amazon
Poor Talk Time Performance.,0,amazon
The case is great and works fine with the 680.,1,amazon
worthless product.,0,amazon
"It has a great camera thats 2MP, and the pics are nice and clear with great picture quality.",1,amazon
I was not impressed by this product.,0,amazon
Nice headset priced right.,1,amazon
I only hear garbage for audio.,0,amazon
Excellent bluetooth headset.,1,amazon
It has all the features I want,1,amazon
Who in their right mind is gonna buy this battery?.,0,amazon
AFTER ARGUING WITH VERIZON REGARDING THE DROPPED CALLS WE RETURNED THE PHONES AFTER TWO DAYS.,0,amazon
This case seems well made.,1,amazon
Disappointed with battery.,0,amazon
Not loud enough and doesn't turn on like it should.,0,amazon
good protection and does not make phone too bulky.,1,amazon
A usable keyboard actually turns a PDA into a real-world useful machine instead of just a neat gadget.,1,amazon
This phone is pretty sturdy and I've never had any large problems with it.,1,amazon
I love this thing!,1,amazon
Everything about it is fine and reasonable for the price i.e.,1,amazon
VERY DISAPPOINTED.,0,amazon
I even dropped this phone into a stream and it was submerged for 15 seconds and it still works great!,1,amazon
I have been very happy with the 510 and have had NO complaints from any one regarding my sound quality on their end.,1,amazon
The buttons for on and off are bad.,0,amazon
Essentially you can forget Microsoft's tech support.,0,amazon
"I really recommend this faceplates since it looks very nice, elegant and cool.",1,amazon
These headphones were a great find - and I think they are perhaps the best purchase I've made in the last several years - seriously.,1,amazon
Buy a different phone - but not this.,0,amazon
You have to hold the phone at a particular angle for the other party to hear you clearly.,0,amazon
The one big drawback of the MP3 player is that the buttons on the phone's front cover that let you pause and skip songs lock out after a few seconds.,0,amazon
"A week later after I activated it, it suddenly died.",0,amazon
It feels more comfortable than most headsets because I wear glasses and that gets in the way sometimes.,1,amazon
Great for iPODs too.,1,amazon
This device is great in several situations:1.),1,amazon
Mic Doesn't work.,0,amazon
"Even in my BMW 3 series which is fairly quiet, I have trouble hearing what the other person is saying.",0,amazon
Great choice!,1,amazon
Nice docking station for home or work.,1,amazon
This is a beautiful phone.,1,amazon
Love this product.,1,amazon
Do Not Buy for D807...wrongly advertised for D807.,0,amazon
This is a great little item.,1,amazon
"I love this phone , It is very handy and has a lot of features .",1,amazon
I purchased this and within 2 days it was no longer working!!!!!!!!!,0,amazon
I wear it everyday and it holds up very well.,1,amazon
Not a good bargain.,0,amazon
"Well packaged, arrived on time, and works as intended.",1,amazon
The battery runs down quickly.,0,amazon
"This item worked great, but it broke after 6 months of use.",0,amazon
The headsets are easy to use and everyone loves them.,1,amazon
This phone works great.,1,amazon
The construction of the headsets is poor.,0,amazon
Product was excellent and works better than the verizon one and Boy was it cheaper!,1,amazon
The phone loads super!,1,amazon
"For a product that costs as much as this one does, I expect it to work far better and with greater ease than this thing does.",0,amazon
Made very sturdy.,1,amazon
Worked great!.,1,amazon
The ear buds only play music in one ear.,0,amazon
Dont waste your money...,0,amazon
Will order from them again!,1,amazon
If you plan to use this in a car forget about it.,0,amazon
I found this product to be waaay too big.,0,amazon
Best I've found so far .... I've tried 2 other bluetooths and this one has the best quality (for both me and the listener) as well as ease of using.,1,amazon
I'm very disappointed with my decision.,0,amazon
Integrated seamlessly with the Motorola RAZR phone.,1,amazon
"Buyer Beware, you could flush money right down the toilet.",0,amazon
Definitely a bargain.,1,amazon
The price was very good and with the free shipping and all it was a good purchase.,1,amazon
I received my supposedly new motorola 375 and apparently there was not a match between the phone and the charger.,0,amazon
"Pros:-Good camera - very nice pictures , also has cool styles like black and white, and more.",1,amazon
"That's a huge design flaw (unless I'm not using it correctly, which I don't think is the case).",0,amazon
"I love my 350 headset.. My Jabra350 bluetooth headset is great, the reception is very good and the ear piece is a comfortable fit.",1,amazon
"The camera, although rated at an impressive 1.3 megapixels, renders images that fall well below expectations of such a relatively high resolution.",0,amazon
I purcashed this for the car charger and it does not work.,0,amazon
"Sound quality on both end is excellent, I use headset to call my wife and ask my wife to use headset to call me !2.",1,amazon
This phone is slim and light and the display is beautiful.,1,amazon
its a little geeky but i think thats its sex on toast and it rocks and oozes sex right down to its battery embedded sleek stylish leather case.,1,amazon
"Great product, fast shipping!.",1,amazon
Absolutely great.,1,amazon
The keyboard is a nice compromise between a full QWERTY and the basic cell phone number keypad.,1,amazon
i got this phone around the end of may and i'm completely unhappy with it.,0,amazon
It is very comfortable on the ear.,1,amazon
It has been a winner for us.,1,amazon
)Setup couldn't have been simpler.,1,amazon
I've tried several different earpieces for my cell phone and this Jabra one is the first one I've found that fits my ear comfortably.,1,amazon
Could not get strong enough signal.,0,amazon
Iam very pleased with my purchase.,1,amazon
Bad Quality.,0,amazon
Gets the job done.,1,amazon
Great audio!.,1,amazon
Basically the service was very bad.,0,amazon
it did not work in my cell phone plug i am very up set with the charger!.,0,amazon
"I've only had my bluetooth for a few weeks, but I really like it.",1,amazon
The BT headset was such a disapoinment.,0,amazon
It is so small and you don't even realize that it is there after a while of getting used to it.,1,amazon
The accompanied software is almost brilliant.,1,amazon
Headset works great & was packaged nicely to avoid any damage.,1,amazon
!I definitly recommend!!,1,amazon
Buyer--Be Very Careful!!!!!.,0,amazon
The majority of the Logitech earbud headsets failed.,0,amazon
Very good stuff for the price.,1,amazon
My headset works just peachy-keen.,1,amazon
In my house I was getting dropped coverage upstairs and no coverage in my basement.,0,amazon
Voice recognition is tremendous!,1,amazon
What a waste.,0,amazon
"During several different 2 minute calls, I experienced 5 drops and it was in an area that had 5 bars.",0,amazon
I was not happy with this item.,0,amazon
very disappointed.,0,amazon
The phone takes FOREVER to charge like 2 to 5 hours literally.,0,amazon
I got this phone on reccomendation from a relative and I'm glad I did.,1,amazon
What a waste of time!,0,amazon
Its reception is very very poor.,0,amazon
Items stated as included from the description ARE NOT INCLUDED.,0,amazon
"After 3 months, screen just went black all of a sudden.",0,amazon
I Was Hoping for More.,0,amazon
"Audio Quality is poor, very poor.",0,amazon
I had absolutely no problem with this headset linking to my 8530 Blackberry Curve!,1,amazon
"I know that sounds funny, but to me it seemed like sketchy technology that wouldn't work well.Well, this one works great.",1,amazon
I've bought $5 wired headphones that sound better than these.,0,amazon
This phone is very fast with sending any kind of messages and web browsing is significantly faster than previous phones i have used.,1,amazon
"Nice quality build, unlike some cheap s*** out there.",1,amazon
This item is fantastic and works perfectly!,1,amazon
And I just love the colors!,1,amazon
W810i is just SUPERB.,1,amazon
"All I can do is whine on the Internet, so here it goes.The more I use the thing the less I like it.",0,amazon
Great charger.,1,amazon
This is essentially a communications tool that does not communicate.,0,amazon
Works like a charm; it work the same as the one I got with the phone.,1,amazon
"I still maintain that monkeys shouldn't make headphones, we just obviously don't share enough DNA to copy the design over to humans.",0,amazon
Great Value.,1,amazon
Doesn't work at all.. I bougth it for my L7c and its not working.,0,amazon
"The look of it is very sharp and the screen is nice and clear, with great graphics.",1,amazon
doesn't last long.,0,amazon
One thing I hate is the mode set button at the side.,0,amazon
EXCELLENT SERVICE!!!!!!!!.,1,amazon
Thank you for wasting my money.,0,amazon
How can that be?The audio quality is poor.,0,amazon
The iGo chargers and tips are really great.,1,amazon
The file browser offers all the options that one needs.Handsfree is great.,1,amazon
Superb Phone on a Great Network.,1,amazon
"I connected my wife's bluetooth,(Motorola HS850) to my phone and it worked like a charm whether the phone was in my pocket or the case.",1,amazon
"I put the latest OS on it (v1.15g), and it now likes to slow to a crawl and lock up every once in a while.",0,amazon
It only recognizes the Phone as its storage device.,0,amazon
"If you like a loud buzzing to override all your conversations, then this phone is for you!",0,amazon
Don't buy this product.,0,amazon
I've had this bluetoooth headset for some time now and still not comfortable with the way it fits on the ear.,0,amazon
The sound quality is good and functionality is awesome.,1,amazon
"I have this phone and it is a thorn in my side, I really abhor it.",0,amazon
I recently had problems where I could not stay connected for more than 10 minutes before being disconnected.,0,amazon
Incredible!.,1,amazon
Design Flaw?.,0,amazon
Great phone!.,1,amazon
Waste of 13 bucks.,0,amazon
"But when I check voice mail at night, the keypad backlight turns off a few seconds into the first message, and then I'm lost.",0,amazon
The replacement died in a few weeks.,0,amazon
Any ring tone..Overall good phone to buy..,1,amazon
Lately they have been extremely nice and helpful on the phone.,1,amazon
I have had problems wit hit dropping signal and more.,0,amazon
Not impressed.,0,amazon
"Light weight, I hardly notice it is there.",1,amazon
You'll love how thin it is.,1,amazon
Bad Choice.,0,amazon
The pleather case doesn't fit.,0,amazon
"useless phone, simply deaf.",0,amazon
"The color is even prettier than I thought it would be, and the graphics are incredibly sharp.",1,amazon
All in all I think it was a good investment.,1,amazon
It makes very strange ticking noises before it ends the call.,0,amazon
The best electronics of the available FM Transmitters.,1,amazon
Battery lasts only a few hours.,0,amazon
"great headset, very impressed - H500.",1,amazon
"The ""1.2"" mega pixel camera, being a part of a phone, is reasonably good7.",1,amazon
I've had this for nearly 2 years and it has worked great for me.,1,amazon
Good transmit audio.,1,amazon
We are sending it back.,0,amazon
I did not bother contacting the company for few dollar product but I learned the lesson that I should not have bought this form online anyway.,0,amazon
"If you hate earbugs, avoid this phone by all means.",0,amazon
Great price also!,1,amazon
"The range is very decent, I've been able to roam around my house with the phone in the living room with no reception/sound quality issues.",1,amazon
fast service.,1,amazon
I would highly recommend this.,1,amazon
I would recommend this.,1,amazon
"I also didn't like the ""on"" button, it felt like it would crack with use.",0,amazon
WORST PHONE EVER.,0,amazon
I'm still infatuated with this phone.,1,amazon
Freezes frequently4.,0,amazon
It's kind of embarrassing to use because of how it looks and mostly it's embarrassing how child-like the company is.,0,amazon
"Simple, lightweight and great fit.",1,amazon
"All in all, I'd expected a better consumer experience from Motorola.",0,amazon
There's a horrible tick sound in the background on all my calls that I have never experienced before.,0,amazon
These are certainly very comfortable and functionality is decent.,1,amazon
I usually don't like headbands but this one is very lightweight & doesn't mess up my hair.,1,amazon
I'm a bit disappointed.,0,amazon
"I have had this phone for over a year now, and I will tell you, its not that great.",0,amazon
I ordered this for sony Ericsson W810i but I think it only worked once (thats when I first used it).,0,amazon
The battery is completely useless to me.,0,amazon
What a big waste of time.,0,amazon
Don't waste your $$$ on this one.,0,amazon
Great sound and service.,1,amazon
Really pleased with this product so far.,1,amazon
One of my favorite purchases ever.,1,amazon
best bluetooth on the market.,1,amazon
Authentic leather with nice shine and comfort .I recommend you this case !!,1,amazon
I was very excited to get this headset because I thought it was really cute.,1,amazon
Do not make the same mistake as me.,0,amazon
Big Disappointment with calendar sync.,0,amazon
the phone was unusable and was not new.,0,amazon
Worst Customer Service Ever.,0,amazon
"No additional ear gels provided, and no instructions whatsoever.",0,amazon
It defeats the purpose of a bluetooth headset.,0,amazon
Worth every penny.,1,amazon
Excellent wallet type phone case.,1,amazon
Nice headphones for the price and they work great!,1,amazon
Internet is excrutiatingly slow.,0,amazon
"It is very comfortable to wear as well, which is probably the most important aspect about using a case.",1,amazon
"It's fits like a glove and is strong, secure, and durable.",1,amazon
O my gosh the best phone I have ever had.,1,amazon
It's very attractive and appears to be of good quality.,1,amazon
I love all the features and form factor.,1,amazon
This product had a strong rubber/petroleum smell that was unbearable after a while and caused me to return it,0,amazon
poor quality and service.,0,amazon
"The cable looks so thin and flimsy, it is scary.",0,amazon
Great Earpiece.,1,amazon
Excellent hands free tool.,1,amazon
Great for using with your home stereo.,1,amazon
Good product - incredible value.,1,amazon
Only had this a month but it's worked flawlessly so far.,1,amazon
Works great.,1,amazon
Absolutel junk.,0,amazon
THAT one didn't work either.,0,amazon
Battery life is real good.,1,amazon
Returned 8 hours later.,0,amazon
It's a great item.,1,amazon
Don't waste your money!.,0,amazon
Love this headset!,1,amazon
"Not only will it drain your player, but may also potentially fry it.",0,amazon
Worked perfectly!,1,amazon
Unreliable - I'm giving up.,0,amazon
I gave it 5 stars because of the sound quality.,1,amazon
Avoid this one if you can.,0,amazon
Reversible plug works great.,1,amazon
I wasted my little money with this earpiece.,0,amazon
Very good phone.,1,amazon
"Best of all is the rotating feature, very helpful.",1,amazon
Comfort for our whole family.,1,amazon
"Good product, good seller.",1,amazon
I love this bluetooth!,1,amazon
"First of all, it doesn't wear well.",0,amazon
I am very impressed with this headset from Plantronics.,1,amazon
I got it because it was so small and adorable.,1,amazon
Great phone!.,1,amazon
I wouldn't recommend buying this product.,0,amazon
Piece of Junk.,0,amazon
Poorly contstruct hinge.,0,amazon
"This item is great, installed it, let it charged up overnite and it has been working good every since with no problems",1,amazon
Great Phone.,1,amazon
Don't buy it.,0,amazon
Excellent Phone.,1,amazon
DO NOT PURCHASE THIS PHONE.,0,amazon
The voice recognition thru the handset is excellent.,1,amazon
This is hands down the best phone I've ever had.,1,amazon
"Works great, when my cat attacked the phone he scratched the protective strip instead of destroying the screen.",1,amazon
This one works and was priced right.,1,amazon
Customer service was terrible.,0,amazon
Battery life still not long enough in Motorola Razor V3i.,0,amazon
Sending it back.,0,amazon
Now I know that I made a wise decision.,1,amazon
Someone shouldve invented this sooner.,1,amazon
Good price.,1,amazon
Everything worked on the first try.The device was certainly engineered in a clever way and the construction feels good.,1,amazon
I received it quickly and it works great!!,1,amazon
Has been working great.,1,amazon
"As many people complained, I found this headset's microphone was very weak.",0,amazon
My 5-year old Nokia 2160 from Tracfone holds the charge a lot better than this.,0,amazon
They do not care about the consumer one bit.,0,amazon
"This is a good battery, and it got here really fast.",1,amazon
The instruction manual is lacking.,0,amazon
Also its slim enough to fit into my alarm clock docking station without removing the case.,1,amazon
Phone now holds charge like it did when it was new.,1,amazon
The battery is unreliable as well as the service use antena.,0,amazon
It's uncomfortable and the sound quality is quite poor compared with the phone (Razr) or with my previous wired headset (that plugged into an LG).,0,amazon
We have gotten a lot of compliments on it.,1,amazon
This is definitely a must have if your state does not allow cell phone usage while driving.,1,amazon
I want my money back.,0,amazon
I love this device.,1,amazon
I am also very happy with the price.,1,amazon
I ordered this product first and was unhappy with it immediately.,0,amazon
The Ngage is still lacking in earbuds.,0,amazon
I was able to do voice dialing in the car with no problem.,1,amazon
"I have 2-3 bars on my cell phone when I am home, but you cant not hear anything.",0,amazon
"good item, low price.",1,amazon
"However-the riingtones are not the best, and neither are the games.",0,amazon
The plug did not work very well.,0,amazon
AMAZON SUCKS.,0,amazon
Rip off---- Over charge shipping.,0,amazon
VERY comfortable.,1,amazon
The battery is working well as a replacement for the original that came with the phone over 2 years ago.,1,amazon
The reception is excellent!,1,amazon
"It fits comfortably in either ear, the sound is clear and loud, and the charge lasts a couple of days.",1,amazon
"very clear, quality sound and you don't have to mess with the sound on your iPod since you have the sound buttons on the headset.",1,amazon
1. long lasting battery (you don't have to recharge it as frequentyly as some of the flip phones)2.,0,amazon
Obviously there is a problem with the adhesive.,0,amazon
Very disappointing.,0,amazon
"It was an inexpensive piece, but I would still have expected better quality.",0,amazon
It is practically useless and did not add any kind of boost to my reception after I bought it.,0,amazon
Excellent sound quality.,1,amazon
Was not happy.,0,amazon
A PIECE OF JUNK THAT BROKE AFTER BEING ON MY PHONE FOR 2 DAYS!!!,0,amazon
New Battery works great in phone.,1,amazon
Worst customer service.,0,amazon
"I've dropped my phone more times than I can say, even on concrete and my phone is still great (knock on wood!).",1,amazon
Reception is terrible and full of static.,0,amazon
Good audio quality.,1,amazon
This little device has transformed my organizational capability and made my life a whole lot easier.,1,amazon
"I was sitting in my vehicle, with the cradle on my belt, and the headset lost signal.",0,amazon
Were JERKS on the phone.,0,amazon
Works like a charm.. Works as advertised.,1,amazon
"Comfortable, Nice Range, Good Battery Life.",1,amazon
Their network coverage in Los Angeles is horrible.,0,amazon
Excellent starter wireless headset.,0,amazon
"The loudspeaker option is great, the bumpers with the lights is very ... appealing.",0,amazon
The only thing that I think could improve is the sound leaks out from the headset.,0,amazon
"First off the reception sucks, I have never had more than 2 bars, ever.",0,amazon
The phone gets EXTREMELY HOT!,0,amazon
"The microphone also works well, but (according to people I have called) it applifies everything.",1,amazon
Nice design and quality.,1,amazon
"Also, if your phone is dropped, this case is not going to save it, specially when dropped face down.",0,amazon
"It is light, easy to use, and has very clear reception and transmission.",1,amazon
"bad fit, way too big.",0,amazon
It definitely was not as good as my S11.,1,amazon
awesome device.,1,amazon
Waste of money.,0,amazon
"I had ordered a motorola data cable, got a very well finished and working product.",1,amazon
Love This Phone.,1,amazon
I was looking for this headset for a long time and now that I've got it I couldn't be happier.,1,amazon
"I'll be drivng along, and my headset starts ringing for no reason.",0,amazon
Display is excellent and camera is as good as any from that year.,1,amazon
Battery life is also great!,1,amazon
The worst phone I've ever had.... Only had it for a few months.,0,amazon
Not a good item.. It worked for a while then started having problems in my auto reverse tape player.,0,amazon
This is so embarassing and also my ears hurt if I try to push the ear plug into my ear.,0,amazon
Protects the phone on all sides.,1,amazon
This is a VERY average phone with bad battery life that operates on a weak network.,0,amazon
"Clear Skype Calls, Long Battery Life, Long Range.",1,amazon
Soyo technology sucks.,0,amazon
Great Hands Free Device.,1,amazon
"you can even take self portraits with the outside (exterior) display, very cool.",1,amazon
Same problem as others have mentioned.,0,amazon
After trying many many handsfree gadgets this is the one that finally works well.,1,amazon
Magical Help.,1,amazon
The worst piece of crap ever along with the Verizon customer service.,0,amazon
Poor sound quality.,0,amazon
The best phone in market :).,1,amazon
It worked very well.,1,amazon
The company shipped my product very promptly and it works well.,1,amazon
Exactly what I wanted.,1,amazon
The picture resolution is far below what other comparably-priced phones are offering today.,0,amazon
This is a great deal.,1,amazon
"Excellent product, I am very satisfied with the purchase.",1,amazon
I highly recommend these and encourage people to give them a try.,1,amazon
Better than you'd expect.,1,amazon
"Using all earpieces, left or right, this thing will not stay on my ear.",0,amazon
Great product and price.,1,amazon
"Sounds good reasonably priced and effective, Its that simple !",1,amazon
Still Waiting...... I'm sure this item would work well.. if I ever recieve it!,0,amazon
what a disappointment,0,amazon
Very prompt service.,1,amazon
Excellent product for the price.,1,amazon
Very pleased with this headset.,1,amazon
don't waste your money and time.,0,amazon
I especially love the long battery life.,1,amazon
"It's so stupid to have to keep buying new chargers, car chargers, cradles, headphones and car kits every time a new phone comes out.",0,amazon
Works great.,1,amazon
Plantronics Bluetooth Excelent Buy.,1,amazon
I came over from Verizon because cingulair has nicer cell phones.... the first thing I noticed was the really bad service.,0,amazon
I'll be looking for a new earpiece.,0,amazon
I highly recommend this device to everyone!,1,amazon
Jawbone Era is awesome too!,1,amazon
We received a WHITE colored battery that goes DEAD after a couple hoursTHe original used to last a week - but still lasts longer than thereplacement,0,amazon
After a year the battery went completely dead on my headset.,0,amazon
"I have used several phone in two years, but this one is the best.",1,amazon
An Awesome New Look For Fall 2000!.,1,amazon
This is the first phone I've had that has been so cheaply made.,0,amazon
"Att is not clear, sound is very distorted and you have to yell when you talk.",0,amazon
The plastic breaks really easy on this clip.,0,amazon
Price is good too.,1,amazon
Don't make the same mistake I did.,0,amazon
Oh and I forgot to also mention the weird color effect it has on your phone.,0,amazon
I'm using it with an iriver SPINN (with case) and it fits fine.,1,amazon
Also the area where my unit broke).- I'm not too fond of the magnetic strap.,0,amazon
"Overall, I am psyched to have a phone which has all my appointments and contacts in and gets great reception.",1,amazon
"every thing on phone work perfectly, she like it.",1,amazon
"Another note about this phone's appearance is that it really looks rather bland, especially in the all black model.",0,amazon
IT'S REALLY EASY.,1,amazon
My Sanyo has survived dozens of drops on blacktop without ill effect.,1,amazon
Fantastic earphones.,1,amazon
It finds my cell phone right away when I enter the car.,1,amazon
Low Quality.,0,amazon
I highly recommend this modest priced cellular phone.,1,amazon
But it does get better reception and clarity than any phone I've had before.,1,amazon
Warning - Stay away.,0,amazon
I wish I could return the unit and get back my money.,0,amazon
Awsome Device Works Great!!.,1,amazon
I used to talk on it for 1 - 1 1/2 hours and the battery would be literally drained and dying.,0,amazon
"If you don't find it, too bad, as again the unit comes with one earpad only.I would not recommend this to anyone.",0,amazon
Very Displeased.,0,amazon
"I might have gotten a defect, but I would not risk buying it again because of the built quality alone.",0,amazon
They made this case too small and is very difficult to install.,0,amazon
Restored my phone to like new performance.,1,amazon
"I would recommend purchasing the Jabra JX-10 series 2 which works flawlessly with my Moto Q, go figure.",1,amazon
"I searched the Internet, and found this one to be the best value.",1,amazon
Does not fit.,0,amazon
Very happy with this product.,1,amazon
"The screen size is big, key pad lit well enough, and the camera quality is excellent for a camera phone.",1,amazon
There's really nothing bad I can say about this headset.,0,amazon
"i'm glad i found this product on amazon it is hard to find, it wasn't high priced.",1,amazon
Portable and it works.,1,amazon
"My colleague & I now get great reception.A little expensive, but performance is great.",1,amazon
I even fully charged it before I went to bed and turned off blue tooth and wi-fi and noticed that it only had 20 % left in the morning.,0,amazon
I've also had problems with the phone reading the memory card in which I always turn it on and then off again.,0,amazon
Not good when wearing a hat or sunglasses.,0,amazon
Timely shipment and quality product.,1,amazon
Nice solid keyboard.,1,amazon
Very well made and fits my Surefire GX2 perfectly.,1,amazon
Horrible phone.,0,amazon
BT50 battery junk!.,0,amazon
We would recommend these to others.,1,amazon
Cant get the software to work with my computer.,0,amazon
Disappointed!.,0,amazon
poor voice clarity.,0,amazon
The battery works great!,1,amazon
No buyers remorse on this one!.,0,amazon
Very disappointed in AccessoryOne.,0,amazon
I find this inexcusable and so will probably be returning this phone and perhaps changing carriers.,0,amazon
"Looks great and is strong.""",1,amazon
"I have had TMobile service for 2 or 3 years now, and I am pretty happy with it.",1,amazon
The update procedure is difficult and cumbersome.,0,amazon
Disappointment.. I hate anything that goes in my ear.,0,amazon
Great software for Motorolas.,1,amazon
The delivery was on time.,1,amazon
Very easy to use.,1,amazon
"Uncomfortable In the Ear, Don't use with LG VX9900 (EnV).",0,amazon
The volume switch rocketed out of the unit to a destination unknown.,0,amazon
"It holds a charge for a long time, is reasonably comfortable under long-wearing conditions and the quality of sound is tremendous.",1,amazon
I'd like to return it.,0,amazon
The keyboard is really worthwhile in usefulness and is sturdy enough I don't expect any problems.,1,amazon
"Verizon's bills, however, are difficult to understand even though their pricing plans are simple.",0,amazon
"After charging overnight, these batteries work great.",1,amazon
You won't regret it!,1,amazon
I love this phone!.,1,amazon
A Disappointment.,0,amazon
Its not user friendly.,0,amazon
Unfortunately the ability to actually know you are receiving a call is a rather important feature and this phone is pitiful in that respect.,0,amazon
"Then I exchanged for the same phone, even that had the same problem.",0,amazon
This results in the phone being either stuck at max volume or mute.,0,amazon
This PDA rocks.,1,amazon
"It is super charged up for use as a small hybrid palmtop/camera/cellphone, and excels in those roles.",1,amazon
"I would definitely recommend the Jabra BT250v for those who are looking for comfort, clarity and a great price!",1,amazon
I had Verizon 2 years ago and really liked their service.,1,amazon
Pretty piece of junk.,0,amazon
Plug was the wrong size.,0,amazon
Works as described.,1,amazon
Save your money.... I've had this item for 11 months now.,0,amazon
Bad Purchase.,0,amazon
WELL IM SATISFIED.,1,amazon
"The bose noise cancelling is amazing, which is very important for a NYC commuter.",1,amazon
This battery is an excellent bargain!,1,amazon
Defective crap.,0,amazon
I would have given no star if I was able.,0,amazon
I wear glasses and it fits fine with them.,1,amazon
"The sound quality for the device is unacceptable.Unless you are in a really quiet area, you almost hear nothing.",0,amazon
I would not recommend this item to anyone.,0,amazon
The holster that arrived did not match the photo in the ad.,0,amazon
great...no problems at all!.,1,amazon
"As an earlier review noted, plug in this charger and nothing happens.",0,amazon
This frog phone charm is adorable and very eye catching.,1,amazon
You never know if you pushed it hard enough or the right number of times for the function you want or not.,0,amazon
The sound is clear and the people I talk to on it are amazed at the quality too.,1,amazon
I got the aluminum case for my new Palm VX and it worked really well--it has protected my handheld perfectly so far.,1,amazon
"very good product, well made.",1,amazon
Mobile Phone Tools are a must have.,1,amazon
I am very impressed with the job that Motorola did on the sturdiness of this phone.,1,amazon
"I received my orders well within the shipping timeframe, everything was in good working order and overall, I am very excited to have this source.",1,amazon
The phone is sturdy and waterproof.,1,amazon
I am not impressed with this and i would not recommend this item to anyone.,0,amazon
My only complaint is the standard sound volume is a little low even when turned up to 5(of 5),0,amazon
Thanks again to Amazon for having the things I need for a good price!,1,amazon
I ended up sliding it on the edge of my pants or back pockets instead.,1,amazon
I had to go to a store and bought a new NOKIA phone which is working great.,1,amazon
Works great!.,1,amazon
REALLY UGLY.,0,amazon
"horrible, had to switch 3 times.",0,amazon
The noise shield is incrediable.,1,amazon
No real improvement.,0,amazon
Razr Battery - Good buy.,1,amazon
Keep up the good work Amazon!!,1,amazon
They refuse to refund or replace.,0,amazon
Unfortunately it's easy to accidentally activate them with the gentle-touch buttons if you accidentally touch the phone to your face while listening.,0,amazon
So I basically threw my money out the window for nothing.,0,amazon
Great case and price!,1,amazon
All it took was one drop from about 6 inches above the kitchen counter and it was cracked.I am not impressed and I am not laughing.,0,amazon
"Bluetooth range is good - a few days ago I left my phone in the trunk, got a call, and carried the conversation without a hitch.",1,amazon
"Small, sleek, impressive looking, practical setup with ample storage in place.",1,amazon
The eargels channel the sound directly into your ear and seem to increase the sound volume and clarity.,1,amazon
none of the new ones have ever quite worked properly.,0,amazon
I am glad I purchased it.,1,amazon
I've missed numerous calls because of this reason.,0,amazon
"Perhaps my phone is defective, but people cannot hear me when I use this.",0,amazon
Don't buy this product.,0,amazon
"sucked, most of the stuff does not work with my phone.",0,amazon
"No shifting, no bubbling, no peeling, not even a scratch, NOTHING!I couldn't be more happier with my new one for the Droid.",1,amazon
Worst software ever used.... If I could give this zero stars I would.,0,amazon
Trying to make a call on these is an exercise in frustration.,0,amazon
The case is a flimsy piece of plastic and has no front or side protection whatsoever.,0,amazon
"I own a Jabra Earset and was very happy with it, but the sound quality, especially outgoing, on this is better.",1,amazon
"I love the camera, it's really pretty good quality.",1,amazon
Thank you for such great service.,1,amazon
Its a total package.,1,amazon
"The seller is very understanding and patient, I would definitely buy from them again.",1,amazon
I give Wirefly 1 star.I will contact Cingular/AT&T; and inform them of this practice.,0,amazon
It's AGGRAVATING!,0,amazon
Great product for the price!.,1,amazon
"I have purchased these for both family and friends, and all enjoy their clarity and ease of use",1,amazon
Virgin Wireless rocks and so does this cheap little phone!,1,amazon
"None of it works, just don't buy it.",0,amazon
"Muddy, low quality sound, and the casing around the wire's insert was poorly super glued and slid off.",0,amazon
Please dont waste your money.,0,amazon
"All in all, I'm quite satisfied with this purchase.",1,amazon
"If you are looking for a good quality Motorola Headset keep looking, this isn't it.",0,amazon
Yet Plantronincs continues to use the same flawed charger design.,0,amazon
Disapointing Results.,0,amazon
Cumbersome design.,0,amazon
"Great it was new packaged nice works good, no problems and it came in less time then I expected!!!!",1,amazon
Great Product.,1,amazon
It's A PIECE OF CRAP!,0,amazon
"My experience was terrible..... This was my fourth bluetooth headset, and while it was much more comfortable than my last Jabra (which I HATED!!!",0,amazon
This fixes all the problems.,1,amazon
Worst ever.,0,amazon
I am very happy,1,amazon
"I've had no trouble accessing the Internet, downloading ringtones or performing any of the functions.",1,amazon
"I can barely ever hear on it and am constantly saying ""what?""",0,amazon
The battery life is highly unacceptable.,0,amazon
That company is a joke.,0,amazon
It does everything the description said it would.,1,amazon
Due to this happening on every call I was forced to stop using this headset.,0,amazon
"It works great with a car charger, especially if you cannot plug in two adapters at the same time.",1,amazon
"Verizon tech support walked my through a few procedures, none of which worked and I ended up having to do a hard re-set, wiping out all my data.",0,amazon
"Voice Quality, Signal Strength, Dropped Calls.",0,amazon
"It plays louder than any other speaker of this size; the price is so low that most would think the quality is lacking, however, it's not.",1,amazon
Better than expected.,1,amazon
"It feels poorly constructed, the menus are difficult to navigate, and the buttons are so recessed that it is difficult to push them.",0,amazon
Battery is holding up well.,1,amazon
Also difficult to put on.I'd recommend avoiding this product.,0,amazon
"I only used it two days, and it wasn't always easy to hear with.",0,amazon
I got the car charger and not even after a week the charger was broken...I went to plug it in and it started smoking.,0,amazon
Sprint - terrible customer service.,0,amazon
Linked to my phone without effort.,1,amazon
THey are so cool!,1,amazon
Easy to use.,1,amazon
Better Than New.,1,amazon
"What possesed me to get this junk, I have no idea...",0,amazon
Piece of trash.,0,amazon
A pretty good product.,1,amazon
This is a great phone!.,1,amazon
"For the price on Amazon, it is an excellent product, which I would highly recommend.",1,amazon
Their Research and Development division obviously knows what they're doing.,1,amazon
"The real killer is the volume, and of course it breaking.",0,amazon
Those phones are working just fine now.,1,amazon
I am more than happy with this product.,1,amazon
Poor Construction.,0,amazon
This is infuriating.,0,amazon
"Overall, I would recommend this phone over the new Walkman.",1,amazon
Sprint charges for this service.,0,amazon
"It is cheap, and it feel and look just as cheap.",0,amazon
It fits my ear well and is comfortable on.,1,amazon
It doesn't work in Europe or Asia.,0,amazon
clipping this to your belt will deffinitely make you feel like 50 cent's up-and-coming.,1,amazon
I like design and look of Jabra behing the ear headsets and 5020 is pretty comfortible to wear 24 hours a day without pain in the ear.,1,amazon
I was amazed at the quick arrival of the two original lg cell phone batteries and and at a fraction of the price.,1,amazon
the worst phone from samsung...crap..... this crappy Samsung E715.. is the worst i have ever seeen.,0,amazon
the charger worked for about a week and then completely stopped charging my phone.,0,amazon
Poor product.,0,amazon
However I needed some better instructions.,0,amazon
You need two hands to operate the screen.This software interface is decade old and cannot compete with new software designs.,0,amazon
Worked very well paired with a Treo 700w and as a Skype headset on my PC (using a USB Bluetooth transceiver).,1,amazon
"Steer clear of this product and go with the genuine Palm replacementr pens, which come in a three-pack.",0,amazon
DO NOT BUY DO NOT BUYIT SUCKS,0,amazon
This is a great product..... sure beats using your fingers!.,1,amazon
"Plus, I seriously do not believe it is worth its steep price point.",0,amazon
All the other cases I've tried normally fall apart after a few months but this one seems to be in for the long haul.,1,amazon
Very Dissapointing Performance.,0,amazon
Don't make the same mistake that I did and please don't buy this phone.,0,amazon
This phone might well be the worst I've ever had in any brand.,0,amazon
Case was more or less an extra that I originally put on but later discarded because it scratched my ear.,0,amazon
I recommend iGo to anyone with different brand cell phones/mp3 players in the family.,1,amazon
Don't bother - go to the store.,0,amazon
"I posted more detailed comments under the grey or black phone, but i have the Fire Red and it's a great color!",1,amazon
I did not have any problem with this item and would order it again if needed.,1,amazon
You get what you pay for I guess.,0,amazon
"Not only did the software do a great job of this, I could also make my own ringtones form my existing CDs without an internet connection.",1,amazon
im surprised this is a good quality car charger and there's not much reviews about it.,1,amazon
These are fabulous!,1,amazon
"However, BT headsets are currently not good for real time games like first-person shooters since the audio delay messes me up.",0,amazon
I used bitpim (a free program you can find on the internet)to transfer data to the phone.The price of the cable was excellent.,1,amazon
Disappointing accessory from a good manufacturer.,0,amazon
"Performed awful -- muffled, tinny incoming sound and severe echo for those on the other end of the call.",0,amazon
Very wind-resistant.,1,amazon
"Obviously they have a terrible customer service, so you get what you pay for.",0,amazon
"They do not last forever, but is not overly expensive to replace.Easy to operate and the sound is much better than others I have tried.",1,amazon
"I contacted the company and they told me that, although the unit was still under warranty, if I couldn't produce my receipt I was out of luck.",0,amazon
Linksys should have some way to exchange a bad phone for a refurb unit or something!,0,amazon
Phone is sturdy as all nokia bar phones are.,1,amazon
Great phone.,1,amazon
"When I placed my treo into the case, not only was it NOT snug, but there was A LOT of extra room on the sides.",0,amazon
I'm pleased.,1,amazon
Battery is terrible.,0,amazon
I found the product to be easy to set up and use.,1,amazon
The earpiece on this is too large or too heavy...it keeps falling out of my ear.,0,amazon
Utter crap.. Sound quality is TERRIBLE.,0,amazon
"The charger arrived within the promised timeframe, but it did not work.",0,amazon
"No ear loop needed, it's tiny and the sound is great.",1,amazon
"Finally, after three or four times the spring of the latch broke and I could not use it any longer on the visor.",0,amazon
"The handsfree part works fine, but then the car tries to download the address book, and the Treo reboots.Overall, I still rate this device high.",1,amazon
Talk about USELESS customer service.,0,amazon
"It felt too light and ""tinny."".",0,amazon
This does not fit the Palm Tungsten E2 and it broke the first time I tried to plug it in.,0,amazon
I'm happy about this purchase- good quality and low price.,1,amazon
I love the look and feel of Samsung flipphones.,1,amazon
Its well-designed and very sharp -- the blue is a very nice color.,1,amazon
Does everything it should and more.,1,amazon
I could not recommend these more.,0,amazon
Nice Sound.,1,amazon
"Looks good in the picture, but this case was a huge disappointment!!",0,amazon
Much less than the jawbone I was going to replace it with.,1,amazon
Setup went very smoothly.,1,amazon
its extremely slow and takes forever to do anything with it.,0,amazon
"A must study for anyone interested in the ""worst sins"" of industrial design.",0,amazon
The first thing that happened was that the tracking was off.,0,amazon
"It is well made, easy to access the phone and has a handy, detachable belt clip.",1,amazon
Then I had to continue pairing it periodically since it somehow kept dropping.,0,amazon
Can't upload ringtones from a third party.,0,amazon
"Bluetooth does not work, phone locks up, screens just flash up and now it just makes calls randomly while in my pocket locked.",0,amazon
Truly awful.,0,amazon
"It works fine on my Motorola 325 cellphone, and a lot better than the worn-out battery did.",1,amazon
The volume for the ringer is REAL good (you have choices how loud).,1,amazon
And none of the tones is acceptable.,0,amazon
camera color balance is AWFUL.,0,amazon
"This product is clearly not ready for prime time, I don't care how cool it looks, if you can't tell a call is coming in it's worthless.",0,amazon
I love the ringtones because they are so upbeat!,1,amazon
Chinese Forgeries Abound!.,0,amazon
Easy to pair with my Samsung Cell.,1,amazon
The instructions didn't explain that a microphone jack could be used.,0,amazon
i would advise to not purchase this item it never worked very well.,0,amazon
Too bad you have to pay up to $$$ a month for the service!,0,amazon
Works well.,1,amazon
The nokia CA-42 USB cable did not work with my phone.,0,amazon
Clear crisp sound.,1,amazon
"I have to use the smallest earpieces provided, but it stays on pretty well.",1,amazon
"The biggest complaint I have is, the battery drains superfast.",0,amazon
The design might be ergonomic in theory but I could not stand having these in my ear.,0,amazon
Do NOT buy if you want to use the holster.,0,amazon
The phone can also take great pictures and even video clips.,1,amazon
It doesn't make you look cool.,0,amazon
"Because both ears are occupied, background is not distracting at all.",1,amazon
"Comfortable fit - you need your headset to be comfortable for at least an hour at a time, if not for an entire day.",1,amazon
"Also, the phone doesn't seem to accept anything except CBR mp3s, preferably ripped by Windows Media Player.",0,amazon
You can't beat the price on these.,1,amazon
"* Comes with a strong light that you can use to light up your camera shots, and even flash SOS signals (seriously!",1,amazon
lightweight and works well.,1,amazon
So just beware.,0,amazon
I love this cable - it allows me to connect any mini-USB device to my PC.,1,amazon
So anyone near you will hear part of your conversation.,0,amazon
This is cool because most cases are just open there allowing the screen to get all scratched up.,1,amazon
I bought this phone as a replacement for my StarTac and have regretted it since.,0,amazon
Appears to actually outperform the original battery from China that came with my V325i.,1,amazon
Can't store anything but phone numbers to SIM.,0,amazon
"It lasts less than 3o minutes, if I actually try to use the phone.My wife has the same phone with the same problem.",0,amazon
Poor quality.,0,amazon
"jabra ear gels ""R"" the best!.",1,amazon
Not worth it.,0,amazon
The phone crashed completely and now I have to get it replaced.,0,amazon
"It quit working after I'd used it for about 18 months, so I just purchased another one because this is the best headset I've ever owned.",1,amazon
"Unfortunately it will not recharge my iPhone 4s, despite connecting it from multiple power sources (iMac, external battery, wall outlet, etc).",0,amazon
It was a great phone.,1,amazon
if you simply want a small flip phone -- look elsewhere as the extra bells & whistles are mediocre.,0,amazon
"Good value, works fine - power via USB, car, or wall outlet.",1,amazon
My phone doesn't slide around my car now and the grip prevents my phone from slipping out of my hand.,1,amazon
This is simply the BEST bluetooth headset for sound quality!,1,amazon
Think it over when you plan to own this one!This sure is the last MOTO phone for me!,0,amazon
"In the span of an hour, I had two people exclaim ""Whoa - is that the new phone on TV?!?",1,amazon
I have always used corded headsets and the freedom from the wireless is very helpful.,1,amazon
"This case has passed the one year mark and while it shows signs of wear, it is 100% functional.",1,amazon
"Other than that, the leather is nice and soft; the fit is very tight; the cut out for the face is a good shape.",1,amazon
It has everything I need and I couldn't ask for more.,1,amazon
After receiving and using the product for just 2 days it broke.,0,amazon
This product is great... it makes working a lot easier I can go to the copier while waiting on hold for something.,1,amazon
None of the three sizes they sent with the headset would stay in my ears.,0,amazon
T-Mobile has the best customer service anywhere.,1,amazon
Arrived quickly and much less expensive than others being sold.,1,amazon
We have tried 2 units and they both failed within 2 months.. Pros,0,amazon
"Provides good protection and looks classy, too.",1,amazon
Krussel Always good.,1,amazon
"The tracfonewebsite is user friendly and makes it easy toactivate, etc.",1,amazon
The design is very good.4.,1,amazon
I great reception all the time.,1,amazon
I would highly recommend this product.,1,amazon
"Couldn't use the unit with sunglasses, not good in Texas!",0,amazon
It dit not work most of the time with my Nokia 5320.,0,amazon
"Bought mainly for the charger, which broke soon after purchasing.",0,amazon
"If you like a loud buzzing to override all your conversations, then this phone is for you!",0,amazon
Fantastic buy and will get again for whatever my next phone is,1,amazon
"stay away from this store, be careful.",0,amazon
This BlueAnt Supertooth hands-free phone speaker is AWESOME.,1,amazon
Does not fit.,0,amazon
.... Item arrived quickly and works great with my Metro PCS Samsung SCH-r450 slider phone and Sony Premium Sound in ear plugs.,1,amazon
"It is light, has plenty of battery capacity, and is very confortable to wear for somewhat extended periods of time.",1,amazon
disappointing.,0,amazon
Blue Ant is easy to use.,1,amazon
Cheap but hey it works.. Was pleasantly suprised given the low cost of this item.,1,amazon
The camera on the phone may be used as a dustpan when indoors... I'd rather be using a disposable then this.,0,amazon
Then a few days later the a puff of smoke came out of the phone while in use.,0,amazon
It's very convenient and simple to use - gets job done & makes the car ride so much smoother.,1,amazon
The nano stated it.My son was dissapointed.,0,amazon
The sound quality is excellent as well.,1,amazon
Its the best headset I have used.,1,amazon
Would not reccommend.,0,amazon
They have been around for years and carries the highest quality of anti-glare screen protector that I have found to date.,1,amazon
Just what I wanted.,1,amazon
This particular model would not work with my Motorola Q smartphone.,0,amazon
wont work right or atleast for me.,0,amazon
in addition it feels &amp; looks as if the phone is all lightweight cheap plastic.,0,amazon
"But now that it is ""out of warranty"" the same problems reoccure.Bottom line... put your money somewhere else... Cingular will not support it.",0,amazon
"I really wanted the Plantronics 510 to be the right one, but it has too many issues for me.The good",0,amazon
Great product.,1,amazon
Crisp and Clear.,1,amazon
AFter the first charge kept going dead after 12 minutes.,0,amazon
"VERY cheap plastic, creaks like an old wooden floor.",0,amazon
"I get absolutely horrible reception in my apartment, where with other phones I have not had this problem.",0,amazon
The reception has been generally good.,1,amazon
"Excellent sound, battery life and inconspicuous to boot!.",1,amazon
Great bluetooth!.,1,amazon
I highly recommend this case.,1,amazon
WORTHWHILE.,1,amazon
This is a great deal.,1,amazon
"After my phone got to be about a year old, it's been slowly breaking despite much care on my part.",0,amazon
I am sorry I made this purchase.,0,amazon
I bought these hoping I could make my Bluetooth headset fit better but these things made it impossible to wear.,0,amazon
Treo and T-Mobile refused to replace it again and forced me to buy another phone without any kind of upgrade discount.,0,amazon
It was horrible!.,0,amazon
I don't think it would hold it too securly on your belt.,0,amazon
This allows the possibility of double booking for the same date and time after the first.,0,amazon
They work about 2 weeks then break.,0,amazon
It is simple to use and I like it.,1,amazon
"It's a great tool for entertainment, communication, and data management.Oh, be sure to use ActiveSync 4.2 for optimal data synchronization results!",1,amazon
I can't use this case because the smell is disgusting.,0,amazon
NOT WHAT I WANTED.,0,amazon
I own 2 of these cases and would order another.,1,amazon
Great Phone.,1,amazon
I bought this battery with a coupon from Amazon and I'm very happy with my purchase.,1,amazon
"The internet access was fine, it the rare instance that it worked.",0,amazon
Perfect for the PS3.,1,amazon
"Five star Plus, plus.",1,amazon
A good quality bargain.. I bought this after I bought a cheapy from Big Lots that sounded awful and people on the other end couldn't hear me.,1,amazon
$50 Down the drain.,0,amazon
I tried talking real loud but shouting on the telephone gets old and I was still told it wasn't great.,0,amazon
"Good , works fine.",1,amazon
For the price this was a great deal.,1,amazon
"Great price, too!",1,amazon
"If there is a wind, it is completely useless.",0,amazon
Yes it's shiny on front side - and I love it!,1,amazon
Does Not Work.,0,amazon
"At first I thought I was grtting a good deal at $7.44, until I plugged it into my phone (V3c Razr).",0,amazon
The reception through this headset is excellent.,1,amazon
2 thumbs up to this seller,1,amazon
"I have a Verizon LG phone and they work well together, good reception and range that exceeds 20 feet line of sight.",1,amazon
Improper description.... I had to return it.,0,amazon
#1 It Works - #2 It is Comfortable.,1,amazon
Battery charge-life is quite long.,1,amazon
The Jabra EarGels fit my ears very well.,1,amazon
Battery has no life.,0,amazon
I checked everywhere and there is no feature for it which is really disappointing.,0,amazon
Product is exactly as described.,1,amazon
Gets a signal when other Verizon phones won't.,1,amazon
Doesn't do the job.,0,amazon
I would recommend it.,1,amazon
Plan on ordering from them again and again.,1,amazon
"That being said, for a phone, the camera is very nice; many cool effects to play with, and video is decent as well.",1,amazon
I have been very satisfied with this cell phone from day one.,1,amazon
They keep getting better and better (this is my third one and I've had numerous Palms too).,1,amazon
Awkward to use and unreliable.,0,amazon
The shipping time was also very quick!,1,amazon
Not as good as I had hoped.,0,amazon
Good case!.,1,amazon
Doesn't Work.,0,amazon
Really good product.,1,amazon
Unfortunately it did not work.,0,amazon
All three broke within two months of use.,0,amazon
dont buy it.,0,amazon
"My father has the V265, and the battery is dying.",0,amazon
"However, the ear pads come off easily and after only one week I lost one.",0,amazon
"The calls drop, the phone comes on and off at will, the screen goes black and the worst of all it stops ringing intermittently.",0,amazon
"Horrible, horrible protector.",0,amazon
I don't like this Nokia either.,0,amazon
"Reaching for the bottom row is uncomfortable, and the send and end keys are not where I expect them to be.3.",0,amazon
I have bought this Nokia cell phone a few weeks ago and it was a nightmare.,0,amazon
It would take too long to describe how bad my customer service experience has been with Amazon.,0,amazon
the only VERY DISAPPOINTING thing was there was NO SPEAKERPHONE!!!!,0,amazon
Terrible.. My car will not accept this cassette.,0,amazon
"Product is useless, since it does not have enough charging current to charge the 2 cellphones I was planning to use it with.",0,amazon
It's not what it says it is.,0,amazon
Stay Away From the Q!.,0,amazon
Used and dirty.,0,amazon
Very unreliable service from T-mobile !,0,amazon
Not good enough for the price.,0,amazon
I bought two of them and neither will charge.,0,amazon
It looks very nice.,1,amazon
"This is an excellent tool, especially when paired with your phone's auto-answer.",1,amazon
I have read other's reviews here but I haven't had any problem with it.,1,amazon
These products cover up the important light sensor above the ear outlet.,0,amazon
Comfortable in my hand.,1,amazon
Just does not work.,0,amazon
Poor Reliability.,0,amazon
(It works!),1,amazon
"If I take a picture, the battery drops a bar, and starts beeping, letting me know its dieing.",0,amazon
"Terrible product, and waste of money!",0,amazon
Last time buying from you.,0,amazon
It was a waste of my money.,0,amazon
So far it has worked like a charm.,1,amazon
"I have only had it for a few weeks, but so far, so good.",1,amazon
"But, in any case, the best part is, you can download these pictures to your laptop using IR, or even send pictures from your laptop to the phone.",1,amazon
Would recommend this item.,1,amazon
It's been my choice headset for years.Great sound; good volume; good noise cancellation.,1,amazon
"Nice case, feels good in your hands.",1,amazon
The item received was Counterfeit.,0,amazon
"Just really good.. So far, probably the best BT headset I have ever had.",1,amazon
Works fine.,1,amazon
I received my headset in good time and was happy with it.,1,amazon
I was very pleased to see that I could replace my well travled swivel holster for my Blackberry flip.,1,amazon
My sister has one also and she loves it.,1,amazon
Good Quality.,1,amazon
This is by far the worst purchase I've made on Amazon.,0,amazon
Excellent dual-purpose headset.,1,amazon
Excellent!.,1,amazon
Does not work for listening to music with the cingular 8125.,0,amazon
"It seems completely secure, both holding on to my belt, and keeping the iPhone inside.",1,amazon
"The bottowm line...another worthless, cheap gimmick from Sprint.",0,amazon
Having trouble with volume.,0,amazon
The only good thing was that it fits comfortably on small ears.,1,amazon
WARNING - DO NOT BUY!!.,0,amazon
"I am pairing this with my iphone, and I could not be happier with it so far.",1,amazon
"When it opens, the battery connection is broken and the device is turned off.",0,amazon
"I didn't want the clip going over the top of my ear, causing discomfort.",0,amazon
Best headset ever!!!.,1,amazon
Don't trust their website and don't expect any helpful support.,0,amazon
It was that loud.Glad to say that the Plantronics 510 maintains a flawless connection to my cell and with no static during normal use.,1,amazon
The speaker is of low quality so as making the ring tones sound very cheap.,0,amazon
"Fits comfortably, came with three sizes of earbud tips.",1,amazon
Excellent product for the price.,1,amazon
Bad Reception.,0,amazon
This product is very High quality Chinese CRAP!!!!!!,0,amazon
It was quite comfortable in the ear.,1,amazon
Great phone.,1,amazon
Don't buy this product - It fails!.,0,amazon
Everything about this product is wrong.First,0,amazon
The pairing of the two devices was so easy it barely took a couple minutes before I started making calls with the voice dialing feature.,1,amazon
"This was utterly confusing at first, which caused me to lose a couple of very, very important contacts.",0,amazon
Terrible phone holder.,0,amazon
The cutouts and buttons are placed perfectly.,1,amazon
I love being able to use one headset for both by land-line and cell.,1,amazon
Problem is that the ear loops are made of weak material and break easily.,0,amazon
Not nearly as good looking as the AMAZON picture makes it look.,0,amazon
"But despite these few flaws, this case is of exceptional quality and well worth the additional costs of owning an official OEM product.",1,amazon
How stupid is that?,0,amazon
"I can hear while I'm driving in the car, and usually don't even have to put it on it's loudest setting.",1,amazon
Seller shipped quickly and much cheaper than the competitors.,1,amazon
"Good show, Samsung.",1,amazon
So I bought about 10 of these and saved alot of money.,1,amazon
It always cuts out and makes a beep beep beep sound then says signal failed.,0,amazon
Couldn't figure it out,0,amazon
"My phone sounded OK ( not great - OK), but my wife's phone was almost totally unintelligible, she couldn't understand a word being said on it.",0,amazon
So I had to take the battery out of the phone put it all back together and then restart it.,0,amazon
"While I managed to bend the leaf spring back in place, the metal now has enough stress that it will break on the next drop.",0,amazon
Leopard Print is wonderfully wild!.,1,amazon
Works for me.,1,amazon
"Saggy, floppy piece of junk.",0,amazon
much better than the hard plastic cases.,1,amazon
It also had a new problem.,0,amazon
Happy so far!.,1,amazon
cool phone.,1,amazon
Works good.,1,amazon
Motorola finally got the voice quality of a bluetooth headset right.,1,amazon
It looses connection to the phone even when it is within a couple feet between the two.,0,amazon
"but it is great, i would really recommend it",1,amazon
Makes it easier to keep up with my bluetooth when I'm not wearing it.,0,amazon
As I said above....PRETTY USELESS!,0,amazon
Never got it!!!!!,0,amazon
This pair of headphones is the worst that I have ever had sound-wise.,0,amazon
[...] down the drain because of a weak snap!,0,amazon
Does not charge the Cingular (ATT) 8525 phone.,0,amazon
"You get extra minutes so that you can carry out the call and not get cut off.""",1,amazon
"However, after about a year, the fliptop started to get loose and wobbly and eventually my screen went black and I couldn't receive and place calls.",0,amazon
I kept catching the cable on the seat and I had to pull the phone out to turn it on an off.,0,amazon
The headset fulfills my requirements so I am happy with my purchase.,1,amazon
Logitech Bluetooth Headset is a 10!.,1,amazon
"I like the fact that it rests lightly against your ear, rather than inside.",1,amazon
A lot of websites have been rating this a very good phone and so do I.,1,amazon
I have tried these cables with my computer and my iPod and it works just fine.,1,amazon
"The mic there is a joke, and the volume is quite low.",0,amazon
I'm returning them.,0,amazon
I does not maintain a connection with the computer while it is on my lap.,0,amazon
It is easy to turn on and off when you are in the car and the volume controls are quite accessable.,1,amazon
I have had mine for about a year and this Christmas I bought some for the rest of the family.,1,amazon
"Otherwise, easy to install and use, clear sound.",1,amazon
nice leather.,1,amazon
I had to purchase a different case.,0,amazon
It is a joy to use.,1,amazon
Very much disappointed with this company.,0,amazon
Very satisifed with that.,1,amazon
It didn't charge for me.,0,amazon
This is the phone to get for 2005.... I just bought my S710a and all I can say is WOW!,1,amazon
Buttons are too small.,0,amazon
Just reading on the specs alone makes you say WOW.,1,amazon
Love it.. Great armband.,1,amazon
I really like this product over the Motorola because it is allot clearer on the ear piece and the mic.,1,amazon
"However, the keypads are so tinny that I sometimes reach the wrong buttons.",0,amazon
I exchanged the sony ericson z500a for this and I'm pretty happy with that decision.,1,amazon
I was very impressed with the price of the cases.,1,amazon
Also makes it easier to hold on to.,1,amazon
"I use this product in a motor control center where there is a lot of high voltage humming from the equipment, and it works great!",1,amazon
It's pretty easy.,1,amazon
I cannot make calls at certain places.,0,amazon
"however, my girl was complain that some time the phone doesn't wake up like normal phone does.",0,amazon
Beautiful styling though.,1,amazon
This company charge me a restocking fee and still not given me my refund back.,0,amazon
I'm trying to return it for a refund.,0,amazon
I plugged it in only to find out not a darn thing worked.,0,amazon
Excellent product.,1,amazon
Earbud piece breaks easily.,0,amazon
Lousy product.,0,amazon
This phone tries very hard to do everything but fails at it's very ability to be a phone.,0,amazon
It is the best charger I have seen on the market yet.,1,amazon
SWEETEST PHONE!!!,1,amazon
":-)Oh, the charger seems to work fine.",1,amazon
It fits so securely that the ear hook does not even need to be used and the sound is better directed through your ear canal.,1,amazon
Not enough volume.,0,amazon
Echo Problem....Very unsatisfactory,0,amazon
you could only take 2 videos at a time and the quality was very poor.,0,amazon
don't waste your money.,0,amazon
I am going to have to be the first to negatively review this product.,0,amazon
Adapter does not provide enough charging current.,0,amazon
"There was so much hype over this phone that I assumed it was the best, my mistake.",0,amazon
You also cannot take pictures with it in the case because the lense is covered.,0,amazon
Phone falls out easily.,0,amazon
"It didn't work, people can not hear me when I talk.",0,amazon
The text messaging feature is really tricky to use.,0,amazon
I'm really disappointed all I have now is a charger that doesn't work.,0,amazon
Painful on the ear.,0,amazon
Lasted one day and then blew up.,0,amazon
disappointed.,0,amazon
Kind of flops around.,0,amazon
The screen does get smudged easily because it touches your ear and face.,0,amazon
What a piece of junk.. I lose more calls on this phone.,0,amazon
Item Does Not Match Picture.,0,amazon
The only thing that disappoint me is the infra red port (irda).,0,amazon
"You can not answer calls with the unit, never worked once!",0,amazon
